_id	STT	Linh vuc (*)	Loai hinh  (*)	Hinh thuc  (*)	Phan loai  (*)	Ma Le hoi  (*)	Ten le hoi  (*)	Ten goi khac	Quy mo/Hang/Cap  (*)	Don vi Quan ly  (*)	Quyet dinh cong nhan	Thoi gian cong nhan	Don vi to chuc	Thoi gian to chuc	Thanh phan	Thong tin lien he	Ngon ngu	Dan toc	Phan le	Phan hoi	Co tuc	Chuc van	Dien van	Mo ta ngan gon	Mo ta chi tiet	Ghi chu	Tinh/Thanh pho  (*)	Quan/Huyen	Phuong/Xa	Thon/To	So nha	Ten duong
1																																
2																																
3																																
4																																
5																																
6																																
7																																
8																																
9																																
10																																
11																																
12																																
13																																
14																																
15																																
16																																
17																																
18																																
19																																
20																																
21																																
22																																
23																																
24																																
25																																
26																																
27																																
28																																
29																																
30																																
31																																
32																																
33																																
34																																
35																																
36																																
37																																
38																																
39																																
40																																
41																																
42																																
43																																
44																																
45																																
46																																
47																																
48																																
49																																
50																																
51																																
52																																
53																																
54																																
55																																
56																																
57																																
58																																
59																																
60																																
61																																
62																																
63																																
64																																
65																																
66																																
67																																
68																																
69																																
70																																
71																																
72																																
73																																
74																																
75																																
76																																
77																																
78																																
79																																
80																																
81																																
82																																
83																																
84																																
85																																
86																																
87																																
88																																
89																																
90																																
91																																
92																																
93																																
